replication,strategy,budget,best_r2
1,AIBA,1,-0.1205989226247095
1,AIBA,2,0.9919526904311337
1,AIBA,3,0.9919526904311337
1,AIBA,4,0.9919526904311337
1,AIBA,5,0.9919526904311337
1,AIBA,6,0.9919526904311337
1,AIBA,7,0.9919526904311337
1,AIBA,8,0.9919526904311337
1,AIBA,9,0.9919526904311337
1,AIBA,10,0.9919526904311337
1,AIBA,11,0.9919526904311337
1,AIBA,12,0.9919526904311337
1,AIBA,13,0.9919526904311337
1,AIBA,14,0.9919526904311337
1,AIBA,15,0.9919526904311337
1,AIBA,16,0.9919526904311337
1,AIBA,17,0.9919526904311337
1,AIBA,18,0.9919526904311337
1,AIBA,19,0.9919526904311337
1,AIBA,20,0.9919526904311337
1,AIBA,21,0.9920871258705645
1,AIBA,22,0.9920871258705645
1,AIBA,23,0.9920871258705645
1,AIBA,24,0.9920871258705645
1,AIBA,25,0.9920871258705645
1,AIBA,26,0.9920871258705645
1,AIBA,27,0.9920871258705645
1,AIBA,28,0.9920871258705645
1,AIBA,29,0.9920871258705645
1,AIBA,30,0.9920871258705645
1,AIBA,31,0.9920871258705645
1,AIBA,32,0.9920871258705645
1,AIBA,33,0.9920871258705645
1,AIBA,34,0.9920871258705645
1,AIBA,35,0.9920871258705645
1,AIBA,36,0.9920871258705645
1,AIBA,37,0.9920871258705645
1,AIBA,38,0.9920871258705645
1,AIBA,39,0.9920871258705645
1,AIBA,40,0.9920871258705645
1,AIBA,41,0.9920871258705645
1,AIBA,42,0.9920871258705645
1,AIBA,43,0.9920871258705645
1,AIBA,44,0.9920871258705645
1,AIBA,45,0.9920871258705645
1,AIBA,46,0.9920871258705645
1,AIBA,47,0.9920871258705645
1,AIBA,48,0.9920871258705645
1,AIBA,49,0.9969387990675019
1,AIBA,50,0.9969387990675019
1,AIBA,51,0.9969387990675019
1,AIBA,52,0.9969387990675019
1,AIBA,53,0.9969387990675019
1,AIBA,54,0.9969387990675019
1,AIBA,55,0.9969387990675019
1,AIBA,56,0.9969387990675019
1,AIBA,57,0.9969387990675019
1,AIBA,58,0.9969387990675019
1,AIBA,59,0.9969387990675019
1,AIBA,60,0.9969387990675019
1,AIBA,61,0.9969387990675019
1,AIBA,62,0.9969387990675019
1,AIBA,63,0.9969387990675019
1,AIBA,64,0.9969387990675019
1,AIBA,65,0.9969387990675019
1,AIBA,66,0.9969387990675019
1,AIBA,67,0.9969387990675019
1,AIBA,68,0.9969387990675019
1,AIBA,69,0.9969387990675019
1,AIBA,70,0.9969387990675019
1,AIBA,71,0.9969387990675019
1,AIBA,72,0.9969387990675019
1,AIBA,73,0.9969387990675019
1,AIBA,74,0.9969387990675019
1,AIBA,75,0.9969387990675019
1,AIBA,76,0.9969387990675019
1,AIBA,77,0.9969387990675019
1,AIBA,78,0.9969387990675019
1,AIBA,79,0.9969387990675019
1,AIBA,80,0.9969387990675019
1,AIBA,81,0.9969387990675019
1,AIBA,82,0.9969387990675019
1,AIBA,83,0.9969387990675019
1,AIBA,84,0.9969387990675019
1,AIBA,85,0.9969387990675019
1,AIBA,86,0.9969387990675019
1,AIBA,87,0.9969387990675019
1,AIBA,88,0.9969387990675019
1,AIBA,89,0.9969387990675019
1,AIBA,90,0.9969387990675019
1,AIBA,91,0.9969387990675019
1,AIBA,92,0.9969387990675019
1,AIBA,93,0.9969387990675019
1,AIBA,94,0.9969387990675019
1,AIBA,95,0.9969387990675019
1,AIBA,96,0.9969387990675019
1,AIBA,97,0.9969387990675019
1,AIBA,98,0.9969387990675019
1,AIBA,99,0.9969387990675019
1,AIBA,100,0.9969387990675019
1,AIBA,101,0.9969387990675019
1,AIBA,102,0.9969387990675019
1,AIBA,103,0.9969387990675019
1,AIBA,104,0.9969387990675019
1,AIBA,105,0.9969387990675019
1,AIBA,106,0.9969387990675019
1,AIBA,107,0.9969387990675019
1,AIBA,108,0.9969387990675019
1,AIBA,109,0.9969387990675019
1,AIBA,110,0.9969387990675019
1,AIBA,111,0.9969387990675019
1,AIBA,112,0.9969387990675019
1,AIBA,113,0.9969387990675019
1,AIBA,114,0.9969387990675019
1,AIBA,115,0.9969387990675019
1,AIBA,116,0.9969387990675019
1,AIBA,117,0.9969387990675019
1,AIBA,118,0.9969387990675019
1,AIBA,119,0.9969387990675019
1,AIBA,120,0.9969387990675019
1,Broad,1,-0.1205989226247095
1,Broad,2,0.9919526904311337
1,Broad,3,0.9919526904311337
1,Broad,4,0.9919526904311337
1,Broad,5,0.9919526904311337
1,Broad,6,0.9919526904311337
1,Broad,7,0.9919526904311337
1,Broad,8,0.9919526904311337
1,Broad,9,0.9919526904311337
1,Broad,10,0.9919526904311337
1,Broad,11,0.9919526904311337
1,Broad,12,0.9919526904311337
1,Broad,13,0.9919526904311337
1,Broad,14,0.9919526904311337
1,Broad,15,0.9919526904311337
1,Broad,16,0.9919526904311337
1,Broad,17,0.9919526904311337
1,Broad,18,0.9919526904311337
1,Broad,19,0.9919526904311337
1,Broad,20,0.9919526904311337
1,Broad,21,0.9920871258705645
1,Broad,22,0.9920871258705645
1,Broad,23,0.9920871258705645
1,Broad,24,0.9920871258705645
1,Broad,25,0.9920871258705645
1,Broad,26,0.9920871258705645
1,Broad,27,0.9920871258705645
1,Broad,28,0.9920871258705645
1,Broad,29,0.9920871258705645
1,Broad,30,0.9920871258705645
1,Broad,31,0.9920871258705645
1,Broad,32,0.9920871258705645
1,Broad,33,0.9920871258705645
1,Broad,34,0.9920871258705645
1,Broad,35,0.9920871258705645
1,Broad,36,0.9920871258705645
1,Broad,37,0.9920871258705645
1,Broad,38,0.9920871258705645
1,Broad,39,0.9920871258705645
1,Broad,40,0.9920871258705645
1,Broad,41,0.9920871258705645
1,Broad,42,0.9920871258705645
1,Broad,43,0.9920871258705645
1,Broad,44,0.9920871258705645
1,Broad,45,0.9920871258705645
1,Broad,46,0.9920871258705645
1,Broad,47,0.9920871258705645
1,Broad,48,0.9920871258705645
1,Broad,49,0.9969387990675019
1,Broad,50,0.9969387990675019
1,Broad,51,0.9969387990675019
1,Broad,52,0.9969387990675019
1,Broad,53,0.9969387990675019
1,Broad,54,0.9969387990675019
1,Broad,55,0.9969387990675019
1,Broad,56,0.9969387990675019
1,Broad,57,0.9969387990675019
1,Broad,58,0.9969387990675019
1,Broad,59,0.9969387990675019
1,Broad,60,0.9969387990675019
1,Broad,61,0.9969387990675019
1,Broad,62,0.9969387990675019
1,Broad,63,0.9969387990675019
1,Broad,64,0.9969387990675019
1,Broad,65,0.9969387990675019
1,Broad,66,0.9969387990675019
1,Broad,67,0.9969387990675019
1,Broad,68,0.9969387990675019
1,Broad,69,0.9969387990675019
1,Broad,70,0.9969387990675019
1,Broad,71,0.9969387990675019
1,Broad,72,0.9969387990675019
1,Broad,73,0.9969387990675019
1,Broad,74,0.9969387990675019
1,Broad,75,0.9969387990675019
1,Broad,76,0.9969387990675019
1,Broad,77,0.9969387990675019
1,Broad,78,0.9969387990675019
1,Broad,79,0.9969387990675019
1,Broad,80,0.9969387990675019
1,Broad,81,0.9969387990675019
1,Broad,82,0.9969387990675019
1,Broad,83,0.9969387990675019
1,Broad,84,0.9969387990675019
1,Broad,85,0.9969387990675019
1,Broad,86,0.9969387990675019
1,Broad,87,0.9969387990675019
1,Broad,88,0.9969387990675019
1,Broad,89,0.9969387990675019
1,Broad,90,0.9969387990675019
1,Broad,91,0.9969387990675019
1,Broad,92,0.9969387990675019
1,Broad,93,0.9969387990675019
1,Broad,94,0.9969387990675019
1,Broad,95,0.9969387990675019
1,Broad,96,0.9969387990675019
1,Broad,97,0.9969387990675019
1,Broad,98,0.9969387990675019
1,Broad,99,0.9969387990675019
1,Broad,100,0.9969387990675019
1,Broad,101,0.9969387990675019
1,Broad,102,0.9969387990675019
1,Broad,103,0.9969387990675019
1,Broad,104,0.9969387990675019
1,Broad,105,0.9969387990675019
1,Broad,106,0.9969387990675019
1,Broad,107,0.9969387990675019
1,Broad,108,0.9969387990675019
1,Broad,109,0.9969387990675019
1,Broad,110,0.9969387990675019
1,Broad,111,0.9969387990675019
1,Broad,112,0.9969387990675019
1,Broad,113,0.9969387990675019
1,Broad,114,0.9969387990675019
1,Broad,115,0.9969387990675019
1,Broad,116,0.9969387990675019
1,Broad,117,0.9969387990675019
1,Broad,118,0.9969387990675019
1,Broad,119,0.9969387990675019
1,Broad,120,0.9969387990675019
2,AIBA,1,-0.062060673364847885
2,AIBA,2,0.9445242475976269
2,AIBA,3,0.9445242475976269
2,AIBA,4,0.9445242475976269
2,AIBA,5,0.9445242475976269
2,AIBA,6,0.9445242475976269
2,AIBA,7,0.9445242475976269
2,AIBA,8,0.9445242475976269
2,AIBA,9,0.9509276848293121
2,AIBA,10,0.9509276848293121
2,AIBA,11,0.9509276848293121
2,AIBA,12,0.9509276848293121
2,AIBA,13,0.9974394012324491
2,AIBA,14,0.9974394012324491
2,AIBA,15,0.9974394012324491
2,AIBA,16,0.9974394012324491
2,AIBA,17,0.9974394012324491
2,AIBA,18,0.9974394012324491
2,AIBA,19,0.9974394012324491
2,AIBA,20,0.9974394012324491
2,AIBA,21,0.9974394012324491
2,AIBA,22,0.9974394012324491
2,AIBA,23,0.9974394012324491
2,AIBA,24,0.9974394012324491
2,AIBA,25,0.9974394012324491
2,AIBA,26,0.9974394012324491
2,AIBA,27,0.9974394012324491
2,AIBA,28,0.9974394012324491
2,AIBA,29,0.9974394012324491
2,AIBA,30,0.9974394012324491
2,AIBA,31,0.9974394012324491
2,AIBA,32,0.9974394012324491
2,AIBA,33,0.9974394012324491
2,AIBA,34,0.9974394012324491
2,AIBA,35,0.9974394012324491
2,AIBA,36,0.9974394012324491
2,AIBA,37,0.9974394012324491
2,AIBA,38,0.9974394012324491
2,AIBA,39,0.9974394012324491
2,AIBA,40,0.9974394012324491
2,AIBA,41,0.9974394012324491
2,AIBA,42,0.9974394012324491
2,AIBA,43,0.9974394012324491
2,AIBA,44,0.9974394012324491
2,AIBA,45,0.9974394012324491
2,AIBA,46,0.9974394012324491
2,AIBA,47,0.9974394012324491
2,AIBA,48,0.9974394012324491
2,AIBA,49,0.9974394012324491
2,AIBA,50,0.9974394012324491
2,AIBA,51,0.9974394012324491
2,AIBA,52,0.9974394012324491
2,AIBA,53,0.9974394012324491
2,AIBA,54,0.9974394012324491
2,AIBA,55,0.9974394012324491
2,AIBA,56,0.9974394012324491
2,AIBA,57,0.9974394012324491
2,AIBA,58,0.9974394012324491
2,AIBA,59,0.9974394012324491
2,AIBA,60,0.9974394012324491
2,AIBA,61,0.9974394012324491
2,AIBA,62,0.9974394012324491
2,AIBA,63,0.9974394012324491
2,AIBA,64,0.9974394012324491
2,AIBA,65,0.9974394012324491
2,AIBA,66,0.9974394012324491
2,AIBA,67,0.9974394012324491
2,AIBA,68,0.9974394012324491
2,AIBA,69,0.9974394012324491
2,AIBA,70,0.9974394012324491
2,AIBA,71,0.9974394012324491
2,AIBA,72,0.9974394012324491
2,AIBA,73,0.9974394012324491
2,AIBA,74,0.9974394012324491
2,AIBA,75,0.9974394012324491
2,AIBA,76,0.9974394012324491
2,AIBA,77,0.9974394012324491
2,AIBA,78,0.9974394012324491
2,AIBA,79,0.9974394012324491
2,AIBA,80,0.9974394012324491
2,AIBA,81,0.9974394012324491
2,AIBA,82,0.9974394012324491
2,AIBA,83,0.9974394012324491
2,AIBA,84,0.9974394012324491
2,AIBA,85,0.9974394012324491
2,AIBA,86,0.9974394012324491
2,AIBA,87,0.9974394012324491
2,AIBA,88,0.9974394012324491
2,AIBA,89,0.9974394012324491
2,AIBA,90,0.9974394012324491
2,AIBA,91,0.9974394012324491
2,AIBA,92,0.9974394012324491
2,AIBA,93,0.9974394012324491
2,AIBA,94,0.9974394012324491
2,AIBA,95,0.9974394012324491
2,AIBA,96,0.9974394012324491
2,AIBA,97,0.9974394012324491
2,AIBA,98,0.9974394012324491
2,AIBA,99,0.9974394012324491
2,AIBA,100,0.9974394012324491
2,AIBA,101,0.9974394012324491
2,AIBA,102,0.9974394012324491
2,AIBA,103,0.9974394012324491
2,AIBA,104,0.9974394012324491
2,AIBA,105,0.9974394012324491
2,AIBA,106,0.9974394012324491
2,AIBA,107,0.9974394012324491
2,AIBA,108,0.9974394012324491
2,AIBA,109,0.9974394012324491
2,AIBA,110,0.9974394012324491
2,AIBA,111,0.9974394012324491
2,AIBA,112,0.9974394012324491
2,AIBA,113,0.9974394012324491
2,AIBA,114,0.9974394012324491
2,AIBA,115,0.9974394012324491
2,AIBA,116,0.9974394012324491
2,AIBA,117,0.9974394012324491
2,AIBA,118,0.9974394012324491
2,AIBA,119,0.9974394012324491
2,AIBA,120,0.9974394012324491
2,Broad,1,-0.062060673364847885
2,Broad,2,0.9445242475976269
2,Broad,3,0.9445242475976269
2,Broad,4,0.9445242475976269
2,Broad,5,0.9445242475976269
2,Broad,6,0.9445242475976269
2,Broad,7,0.9445242475976269
2,Broad,8,0.9445242475976269
2,Broad,9,0.9509276848293121
2,Broad,10,0.9509276848293121
2,Broad,11,0.9509276848293121
2,Broad,12,0.9509276848293121
2,Broad,13,0.9974394012324491
2,Broad,14,0.9974394012324491
2,Broad,15,0.9974394012324491
2,Broad,16,0.9974394012324491
2,Broad,17,0.9974394012324491
2,Broad,18,0.9974394012324491
2,Broad,19,0.9974394012324491
2,Broad,20,0.9974394012324491
2,Broad,21,0.9974394012324491
2,Broad,22,0.9974394012324491
2,Broad,23,0.9974394012324491
2,Broad,24,0.9974394012324491
2,Broad,25,0.9974394012324491
2,Broad,26,0.9974394012324491
2,Broad,27,0.9974394012324491
2,Broad,28,0.9974394012324491
2,Broad,29,0.9974394012324491
2,Broad,30,0.9974394012324491
2,Broad,31,0.9974394012324491
2,Broad,32,0.9974394012324491
2,Broad,33,0.9974394012324491
2,Broad,34,0.9974394012324491
2,Broad,35,0.9974394012324491
2,Broad,36,0.9974394012324491
2,Broad,37,0.9974394012324491
2,Broad,38,0.9974394012324491
2,Broad,39,0.9974394012324491
2,Broad,40,0.9974394012324491
2,Broad,41,0.9974394012324491
2,Broad,42,0.9974394012324491
2,Broad,43,0.9974394012324491
2,Broad,44,0.9974394012324491
2,Broad,45,0.9974394012324491
2,Broad,46,0.9974394012324491
2,Broad,47,0.9974394012324491
2,Broad,48,0.9974394012324491
2,Broad,49,0.9974394012324491
2,Broad,50,0.9974394012324491
2,Broad,51,0.9974394012324491
2,Broad,52,0.9974394012324491
2,Broad,53,0.9974394012324491
2,Broad,54,0.9974394012324491
2,Broad,55,0.9974394012324491
2,Broad,56,0.9974394012324491
2,Broad,57,0.9974394012324491
2,Broad,58,0.9974394012324491
2,Broad,59,0.9974394012324491
2,Broad,60,0.9974394012324491
2,Broad,61,0.9974394012324491
2,Broad,62,0.9974394012324491
2,Broad,63,0.9974394012324491
2,Broad,64,0.9974394012324491
2,Broad,65,0.9974394012324491
2,Broad,66,0.9974394012324491
2,Broad,67,0.9974394012324491
2,Broad,68,0.9974394012324491
2,Broad,69,0.9974394012324491
2,Broad,70,0.9974394012324491
2,Broad,71,0.9974394012324491
2,Broad,72,0.9974394012324491
2,Broad,73,0.9974394012324491
2,Broad,74,0.9974394012324491
2,Broad,75,0.9974394012324491
2,Broad,76,0.9974394012324491
2,Broad,77,0.9974394012324491
2,Broad,78,0.9974394012324491
2,Broad,79,0.9974394012324491
2,Broad,80,0.9974394012324491
2,Broad,81,0.9974394012324491
2,Broad,82,0.9974394012324491
2,Broad,83,0.9974394012324491
2,Broad,84,0.9974394012324491
2,Broad,85,0.9974394012324491
2,Broad,86,0.9974394012324491
2,Broad,87,0.9974394012324491
2,Broad,88,0.9974394012324491
2,Broad,89,0.9974394012324491
2,Broad,90,0.9974394012324491
2,Broad,91,0.9974394012324491
2,Broad,92,0.9974394012324491
2,Broad,93,0.9974394012324491
2,Broad,94,0.9974394012324491
2,Broad,95,0.9974394012324491
2,Broad,96,0.9974394012324491
2,Broad,97,0.9974394012324491
2,Broad,98,0.9974394012324491
2,Broad,99,0.9974394012324491
2,Broad,100,0.9974394012324491
2,Broad,101,0.9974394012324491
2,Broad,102,0.9974394012324491
2,Broad,103,0.9974394012324491
2,Broad,104,0.9974394012324491
2,Broad,105,0.9974394012324491
2,Broad,106,0.9974394012324491
2,Broad,107,0.9974394012324491
2,Broad,108,0.9974394012324491
2,Broad,109,0.9974394012324491
2,Broad,110,0.9974394012324491
2,Broad,111,0.9974394012324491
2,Broad,112,0.9974394012324491
2,Broad,113,0.9974394012324491
2,Broad,114,0.9974394012324491
2,Broad,115,0.9974394012324491
2,Broad,116,0.9974394012324491
2,Broad,117,0.9974394012324491
2,Broad,118,0.9974394012324491
2,Broad,119,0.9974394012324491
2,Broad,120,0.9974394012324491
3,AIBA,1,0.2925590276047859
3,AIBA,2,0.2925590276047859
3,AIBA,3,0.2925590276047859
3,AIBA,4,0.2925590276047859
3,AIBA,5,0.5753523175308498
3,AIBA,6,0.5753523175308498
3,AIBA,7,0.5753523175308498
3,AIBA,8,0.5753523175308498
3,AIBA,9,0.5753523175308498
3,AIBA,10,0.5800249125615081
3,AIBA,11,0.5800249125615081
3,AIBA,12,0.5800249125615081
3,AIBA,13,0.5800249125615081
3,AIBA,14,0.9763870213381552
3,AIBA,15,0.9763870213381552
3,AIBA,16,0.9967796206381178
3,AIBA,17,0.9967796206381178
3,AIBA,18,0.9967796206381178
3,AIBA,19,0.9967796206381178
3,AIBA,20,0.9967796206381178
3,AIBA,21,0.9967796206381178
3,AIBA,22,0.9967796206381178
3,AIBA,23,0.9967796206381178
3,AIBA,24,0.9967796206381178
3,AIBA,25,0.9967796206381178
3,AIBA,26,0.9967796206381178
3,AIBA,27,0.9967796206381178
3,AIBA,28,0.996843641079652
3,AIBA,29,0.996843641079652
3,AIBA,30,0.996843641079652
3,AIBA,31,0.996843641079652
3,AIBA,32,0.996843641079652
3,AIBA,33,0.996843641079652
3,AIBA,34,0.996843641079652
3,AIBA,35,0.996843641079652
3,AIBA,36,0.996843641079652
3,AIBA,37,0.996843641079652
3,AIBA,38,0.996843641079652
3,AIBA,39,0.996843641079652
3,AIBA,40,0.996843641079652
3,AIBA,41,0.996843641079652
3,AIBA,42,0.996843641079652
3,AIBA,43,0.996843641079652
3,AIBA,44,0.996843641079652
3,AIBA,45,0.996843641079652
3,AIBA,46,0.996843641079652
3,AIBA,47,0.996843641079652
3,AIBA,48,0.996843641079652
3,AIBA,49,0.996843641079652
3,AIBA,50,0.996843641079652
3,AIBA,51,0.996843641079652
3,AIBA,52,0.996843641079652
3,AIBA,53,0.996843641079652
3,AIBA,54,0.996843641079652
3,AIBA,55,0.996843641079652
3,AIBA,56,0.996843641079652
3,AIBA,57,0.996843641079652
3,AIBA,58,0.996843641079652
3,AIBA,59,0.996843641079652
3,AIBA,60,0.996843641079652
3,AIBA,61,0.996843641079652
3,AIBA,62,0.996843641079652
3,AIBA,63,0.996843641079652
3,AIBA,64,0.996843641079652
3,AIBA,65,0.996843641079652
3,AIBA,66,0.996843641079652
3,AIBA,67,0.996843641079652
3,AIBA,68,0.996843641079652
3,AIBA,69,0.996843641079652
3,AIBA,70,0.996843641079652
3,AIBA,71,0.9982094301032671
3,AIBA,72,0.9982094301032671
3,AIBA,73,0.9982094301032671
3,AIBA,74,0.9982094301032671
3,AIBA,75,0.9982094301032671
3,AIBA,76,0.9982094301032671
3,AIBA,77,0.9982094301032671
3,AIBA,78,0.9982094301032671
3,AIBA,79,0.9982094301032671
3,AIBA,80,0.9982094301032671
3,AIBA,81,0.9982094301032671
3,AIBA,82,0.9982094301032671
3,AIBA,83,0.9982094301032671
3,AIBA,84,0.9982094301032671
3,AIBA,85,0.9982094301032671
3,AIBA,86,0.9982094301032671
3,AIBA,87,0.9982094301032671
3,AIBA,88,0.9982094301032671
3,AIBA,89,0.9982094301032671
3,AIBA,90,0.9982094301032671
3,AIBA,91,0.9982094301032671
3,AIBA,92,0.9982094301032671
3,AIBA,93,0.9982094301032671
3,AIBA,94,0.9982094301032671
3,AIBA,95,0.9982094301032671
3,AIBA,96,0.9982094301032671
3,AIBA,97,0.9982094301032671
3,AIBA,98,0.9982094301032671
3,AIBA,99,0.9982094301032671
3,AIBA,100,0.9982094301032671
3,AIBA,101,0.9982094301032671
3,AIBA,102,0.9982094301032671
3,AIBA,103,0.9982094301032671
3,AIBA,104,0.9982094301032671
3,AIBA,105,0.9982094301032671
3,AIBA,106,0.9982094301032671
3,AIBA,107,0.9982094301032671
3,AIBA,108,0.9982094301032671
3,AIBA,109,0.9982094301032671
3,AIBA,110,0.9982094301032671
3,AIBA,111,0.9982094301032671
3,AIBA,112,0.9982094301032671
3,AIBA,113,0.9982094301032671
3,AIBA,114,0.9982094301032671
3,AIBA,115,0.9982094301032671
3,AIBA,116,0.9982094301032671
3,AIBA,117,0.9982094301032671
3,AIBA,118,0.9982094301032671
3,AIBA,119,0.9982094301032671
3,AIBA,120,0.9982094301032671
3,Broad,1,0.2925590276047859
3,Broad,2,0.2925590276047859
3,Broad,3,0.2925590276047859
3,Broad,4,0.2925590276047859
3,Broad,5,0.5753523175308498
3,Broad,6,0.5753523175308498
3,Broad,7,0.5753523175308498
3,Broad,8,0.5753523175308498
3,Broad,9,0.5753523175308498
3,Broad,10,0.5800249125615081
3,Broad,11,0.5800249125615081
3,Broad,12,0.5800249125615081
3,Broad,13,0.5800249125615081
3,Broad,14,0.9763870213381552
3,Broad,15,0.9763870213381552
3,Broad,16,0.9967796206381178
3,Broad,17,0.9967796206381178
3,Broad,18,0.9967796206381178
3,Broad,19,0.9967796206381178
3,Broad,20,0.9967796206381178
3,Broad,21,0.9967796206381178
3,Broad,22,0.9967796206381178
3,Broad,23,0.9967796206381178
3,Broad,24,0.9967796206381178
3,Broad,25,0.9967796206381178
3,Broad,26,0.9967796206381178
3,Broad,27,0.9967796206381178
3,Broad,28,0.996843641079652
3,Broad,29,0.996843641079652
3,Broad,30,0.996843641079652
3,Broad,31,0.996843641079652
3,Broad,32,0.996843641079652
3,Broad,33,0.996843641079652
3,Broad,34,0.996843641079652
3,Broad,35,0.996843641079652
3,Broad,36,0.996843641079652
3,Broad,37,0.996843641079652
3,Broad,38,0.996843641079652
3,Broad,39,0.996843641079652
3,Broad,40,0.996843641079652
3,Broad,41,0.996843641079652
3,Broad,42,0.996843641079652
3,Broad,43,0.996843641079652
3,Broad,44,0.996843641079652
3,Broad,45,0.996843641079652
3,Broad,46,0.996843641079652
3,Broad,47,0.996843641079652
3,Broad,48,0.996843641079652
3,Broad,49,0.996843641079652
3,Broad,50,0.996843641079652
3,Broad,51,0.996843641079652
3,Broad,52,0.996843641079652
3,Broad,53,0.996843641079652
3,Broad,54,0.996843641079652
3,Broad,55,0.996843641079652
3,Broad,56,0.996843641079652
3,Broad,57,0.996843641079652
3,Broad,58,0.996843641079652
3,Broad,59,0.996843641079652
3,Broad,60,0.996843641079652
3,Broad,61,0.996843641079652
3,Broad,62,0.996843641079652
3,Broad,63,0.996843641079652
3,Broad,64,0.996843641079652
3,Broad,65,0.996843641079652
3,Broad,66,0.996843641079652
3,Broad,67,0.996843641079652
3,Broad,68,0.996843641079652
3,Broad,69,0.996843641079652
3,Broad,70,0.996843641079652
3,Broad,71,0.9982094301032671
3,Broad,72,0.9982094301032671
3,Broad,73,0.9982094301032671
3,Broad,74,0.9982094301032671
3,Broad,75,0.9982094301032671
3,Broad,76,0.9982094301032671
3,Broad,77,0.9982094301032671
3,Broad,78,0.9982094301032671
3,Broad,79,0.9982094301032671
3,Broad,80,0.9982094301032671
3,Broad,81,0.9982094301032671
3,Broad,82,0.9982094301032671
3,Broad,83,0.9982094301032671
3,Broad,84,0.9982094301032671
3,Broad,85,0.9982094301032671
3,Broad,86,0.9982094301032671
3,Broad,87,0.9982094301032671
3,Broad,88,0.9982094301032671
3,Broad,89,0.9982094301032671
3,Broad,90,0.9982094301032671
3,Broad,91,0.9982094301032671
3,Broad,92,0.9982094301032671
3,Broad,93,0.9982094301032671
3,Broad,94,0.9982094301032671
3,Broad,95,0.9982094301032671
3,Broad,96,0.9982094301032671
3,Broad,97,0.9982094301032671
3,Broad,98,0.9982094301032671
3,Broad,99,0.9982094301032671
3,Broad,100,0.9982094301032671
3,Broad,101,0.9982094301032671
3,Broad,102,0.9982094301032671
3,Broad,103,0.9982094301032671
3,Broad,104,0.9982094301032671
3,Broad,105,0.9982094301032671
3,Broad,106,0.9982094301032671
3,Broad,107,0.9982094301032671
3,Broad,108,0.9982094301032671
3,Broad,109,0.9982094301032671
3,Broad,110,0.9982094301032671
3,Broad,111,0.9982094301032671
3,Broad,112,0.9982094301032671
3,Broad,113,0.9982094301032671
3,Broad,114,0.9982094301032671
3,Broad,115,0.9982094301032671
3,Broad,116,0.9982094301032671
3,Broad,117,0.9982094301032671
3,Broad,118,0.9982094301032671
3,Broad,119,0.9982094301032671
3,Broad,120,0.9982094301032671
4,AIBA,1,0.2033741211120027
4,AIBA,2,0.44583015208769505
4,AIBA,3,0.9979302878586147
4,AIBA,4,0.9979302878586147
4,AIBA,5,0.9979302878586147
4,AIBA,6,0.9979302878586147
4,AIBA,7,0.9979302878586147
4,AIBA,8,0.9979302878586147
4,AIBA,9,0.9979302878586147
4,AIBA,10,0.9979302878586147
4,AIBA,11,0.9979302878586147
4,AIBA,12,0.9979302878586147
4,AIBA,13,0.9979302878586147
4,AIBA,14,0.9979302878586147
4,AIBA,15,0.9979302878586147
4,AIBA,16,0.9979302878586147
4,AIBA,17,0.9979302878586147
4,AIBA,18,0.9979302878586147
4,AIBA,19,0.9979302878586147
4,AIBA,20,0.9979302878586147
4,AIBA,21,0.9979302878586147
4,AIBA,22,0.9979302878586147
4,AIBA,23,0.9979302878586147
4,AIBA,24,0.9979302878586147
4,AIBA,25,0.9979302878586147
4,AIBA,26,0.9979302878586147
4,AIBA,27,0.9979302878586147
4,AIBA,28,0.9979302878586147
4,AIBA,29,0.9979302878586147
4,AIBA,30,0.9979302878586147
4,AIBA,31,0.9979302878586147
4,AIBA,32,0.9979302878586147
4,AIBA,33,0.9979302878586147
4,AIBA,34,0.9979302878586147
4,AIBA,35,0.9979302878586147
4,AIBA,36,0.9979302878586147
4,AIBA,37,0.9979302878586147
4,AIBA,38,0.9979302878586147
4,AIBA,39,0.9979302878586147
4,AIBA,40,0.9979302878586147
4,AIBA,41,0.9979302878586147
4,AIBA,42,0.9979302878586147
4,AIBA,43,0.9979302878586147
4,AIBA,44,0.9979302878586147
4,AIBA,45,0.9979302878586147
4,AIBA,46,0.9979302878586147
4,AIBA,47,0.9979302878586147
4,AIBA,48,0.9979302878586147
4,AIBA,49,0.9979302878586147
4,AIBA,50,0.9979302878586147
4,AIBA,51,0.9979302878586147
4,AIBA,52,0.9979302878586147
4,AIBA,53,0.9979302878586147
4,AIBA,54,0.9979302878586147
4,AIBA,55,0.9979302878586147
4,AIBA,56,0.9979302878586147
4,AIBA,57,0.9979302878586147
4,AIBA,58,0.9979302878586147
4,AIBA,59,0.9979302878586147
4,AIBA,60,0.9979302878586147
4,AIBA,61,0.9979302878586147
4,AIBA,62,0.9979302878586147
4,AIBA,63,0.9979302878586147
4,AIBA,64,0.9979302878586147
4,AIBA,65,0.9979302878586147
4,AIBA,66,0.9979302878586147
4,AIBA,67,0.9979302878586147
4,AIBA,68,0.9979302878586147
4,AIBA,69,0.9979302878586147
4,AIBA,70,0.9979302878586147
4,AIBA,71,0.9979302878586147
4,AIBA,72,0.9979302878586147
4,AIBA,73,0.9979302878586147
4,AIBA,74,0.9979302878586147
4,AIBA,75,0.9979302878586147
4,AIBA,76,0.9979302878586147
4,AIBA,77,0.9979302878586147
4,AIBA,78,0.9979302878586147
4,AIBA,79,0.9979302878586147
4,AIBA,80,0.9979302878586147
4,AIBA,81,0.9979302878586147
4,AIBA,82,0.9979302878586147
4,AIBA,83,0.9979302878586147
4,AIBA,84,0.9979302878586147
4,AIBA,85,0.9979302878586147
4,AIBA,86,0.9979302878586147
4,AIBA,87,0.9979302878586147
4,AIBA,88,0.9979302878586147
4,AIBA,89,0.9979302878586147
4,AIBA,90,0.9979302878586147
4,AIBA,91,0.9979302878586147
4,AIBA,92,0.9979302878586147
4,AIBA,93,0.9979302878586147
4,AIBA,94,0.9979302878586147
4,AIBA,95,0.9979302878586147
4,AIBA,96,0.9979302878586147
4,AIBA,97,0.9979302878586147
4,AIBA,98,0.9979302878586147
4,AIBA,99,0.9979302878586147
4,AIBA,100,0.9979302878586147
4,AIBA,101,0.9979302878586147
4,AIBA,102,0.9979302878586147
4,AIBA,103,0.9979302878586147
4,AIBA,104,0.9979302878586147
4,AIBA,105,0.9979302878586147
4,AIBA,106,0.9979302878586147
4,AIBA,107,0.9979302878586147
4,AIBA,108,0.9979302878586147
4,AIBA,109,0.9979302878586147
4,AIBA,110,0.9979302878586147
4,AIBA,111,0.9979302878586147
4,AIBA,112,0.9979302878586147
4,AIBA,113,0.9979302878586147
4,AIBA,114,0.9979302878586147
4,AIBA,115,0.9979302878586147
4,AIBA,116,0.9979302878586147
4,AIBA,117,0.9979302878586147
4,AIBA,118,0.9979302878586147
4,AIBA,119,0.9979302878586147
4,AIBA,120,0.9979302878586147
4,Broad,1,0.2033741211120027
4,Broad,2,0.44583015208769505
4,Broad,3,0.9979302878586147
4,Broad,4,0.9979302878586147
4,Broad,5,0.9979302878586147
4,Broad,6,0.9979302878586147
4,Broad,7,0.9979302878586147
4,Broad,8,0.9979302878586147
4,Broad,9,0.9979302878586147
4,Broad,10,0.9979302878586147
4,Broad,11,0.9979302878586147
4,Broad,12,0.9979302878586147
4,Broad,13,0.9979302878586147
4,Broad,14,0.9979302878586147
4,Broad,15,0.9979302878586147
4,Broad,16,0.9979302878586147
4,Broad,17,0.9979302878586147
4,Broad,18,0.9979302878586147
4,Broad,19,0.9979302878586147
4,Broad,20,0.9979302878586147
4,Broad,21,0.9979302878586147
4,Broad,22,0.9979302878586147
4,Broad,23,0.9979302878586147
4,Broad,24,0.9979302878586147
4,Broad,25,0.9979302878586147
4,Broad,26,0.9979302878586147
4,Broad,27,0.9979302878586147
4,Broad,28,0.9979302878586147
4,Broad,29,0.9979302878586147
4,Broad,30,0.9979302878586147
4,Broad,31,0.9979302878586147
4,Broad,32,0.9979302878586147
4,Broad,33,0.9979302878586147
4,Broad,34,0.9979302878586147
4,Broad,35,0.9979302878586147
4,Broad,36,0.9979302878586147
4,Broad,37,0.9979302878586147
4,Broad,38,0.9979302878586147
4,Broad,39,0.9979302878586147
4,Broad,40,0.9979302878586147
4,Broad,41,0.9979302878586147
4,Broad,42,0.9979302878586147
4,Broad,43,0.9979302878586147
4,Broad,44,0.9979302878586147
4,Broad,45,0.9979302878586147
4,Broad,46,0.9979302878586147
4,Broad,47,0.9979302878586147
4,Broad,48,0.9979302878586147
4,Broad,49,0.9979302878586147
4,Broad,50,0.9979302878586147
4,Broad,51,0.9979302878586147
4,Broad,52,0.9979302878586147
4,Broad,53,0.9979302878586147
4,Broad,54,0.9979302878586147
4,Broad,55,0.9979302878586147
4,Broad,56,0.9979302878586147
4,Broad,57,0.9979302878586147
4,Broad,58,0.9979302878586147
4,Broad,59,0.9979302878586147
4,Broad,60,0.9979302878586147
4,Broad,61,0.9979302878586147
4,Broad,62,0.9979302878586147
4,Broad,63,0.9979302878586147
4,Broad,64,0.9979302878586147
4,Broad,65,0.9979302878586147
4,Broad,66,0.9979302878586147
4,Broad,67,0.9979302878586147
4,Broad,68,0.9979302878586147
4,Broad,69,0.9979302878586147
4,Broad,70,0.9979302878586147
4,Broad,71,0.9979302878586147
4,Broad,72,0.9979302878586147
4,Broad,73,0.9979302878586147
4,Broad,74,0.9979302878586147
4,Broad,75,0.9979302878586147
4,Broad,76,0.9979302878586147
4,Broad,77,0.9979302878586147
4,Broad,78,0.9979302878586147
4,Broad,79,0.9979302878586147
4,Broad,80,0.9979302878586147
4,Broad,81,0.9979302878586147
4,Broad,82,0.9979302878586147
4,Broad,83,0.9979302878586147
4,Broad,84,0.9979302878586147
4,Broad,85,0.9979302878586147
4,Broad,86,0.9979302878586147
4,Broad,87,0.9979302878586147
4,Broad,88,0.9979302878586147
4,Broad,89,0.9979302878586147
4,Broad,90,0.9979302878586147
4,Broad,91,0.9979302878586147
4,Broad,92,0.9979302878586147
4,Broad,93,0.9979302878586147
4,Broad,94,0.9979302878586147
4,Broad,95,0.9979302878586147
4,Broad,96,0.9979302878586147
4,Broad,97,0.9979302878586147
4,Broad,98,0.9979302878586147
4,Broad,99,0.9979302878586147
4,Broad,100,0.9979302878586147
4,Broad,101,0.9979302878586147
4,Broad,102,0.9979302878586147
4,Broad,103,0.9979302878586147
4,Broad,104,0.9979302878586147
4,Broad,105,0.9979302878586147
4,Broad,106,0.9979302878586147
4,Broad,107,0.9979302878586147
4,Broad,108,0.9979302878586147
4,Broad,109,0.9988048543833927
4,Broad,110,0.9988048543833927
4,Broad,111,0.9988048543833927
4,Broad,112,0.9988048543833927
4,Broad,113,0.9988048543833927
4,Broad,114,0.9988048543833927
4,Broad,115,0.9988048543833927
4,Broad,116,0.9988048543833927
4,Broad,117,0.9988048543833927
4,Broad,118,0.9988048543833927
4,Broad,119,0.9988048543833927
4,Broad,120,0.9988048543833927
5,AIBA,1,0.9752854159034423
5,AIBA,2,0.9752854159034423
5,AIBA,3,0.9752854159034423
5,AIBA,4,0.9934096000915765
5,AIBA,5,0.9934096000915765
5,AIBA,6,0.9934096000915765
5,AIBA,7,0.9934096000915765
5,AIBA,8,0.9934096000915765
5,AIBA,9,0.9934096000915765
5,AIBA,10,0.9934096000915765
5,AIBA,11,0.9934096000915765
5,AIBA,12,0.9934096000915765
5,AIBA,13,0.9934096000915765
5,AIBA,14,0.9934096000915765
5,AIBA,15,0.9934096000915765
5,AIBA,16,0.9934096000915765
5,AIBA,17,0.9934096000915765
5,AIBA,18,0.9934096000915765
5,AIBA,19,0.9934096000915765
5,AIBA,20,0.9934096000915765
5,AIBA,21,0.9934096000915765
5,AIBA,22,0.9934096000915765
5,AIBA,23,0.9934096000915765
5,AIBA,24,0.9934096000915765
5,AIBA,25,0.9934096000915765
5,AIBA,26,0.9934096000915765
5,AIBA,27,0.9934096000915765
5,AIBA,28,0.9934096000915765
5,AIBA,29,0.9934096000915765
5,AIBA,30,0.9934096000915765
5,AIBA,31,0.9934096000915765
5,AIBA,32,0.9934096000915765
5,AIBA,33,0.9934096000915765
5,AIBA,34,0.9934096000915765
5,AIBA,35,0.9934096000915765
5,AIBA,36,0.9934096000915765
5,AIBA,37,0.9934096000915765
5,AIBA,38,0.9934096000915765
5,AIBA,39,0.9934096000915765
5,AIBA,40,0.9934096000915765
5,AIBA,41,0.9934096000915765
5,AIBA,42,0.9934096000915765
5,AIBA,43,0.9934096000915765
5,AIBA,44,0.9934096000915765
5,AIBA,45,0.9964849313053064
5,AIBA,46,0.9964849313053064
5,AIBA,47,0.9964849313053064
5,AIBA,48,0.9964849313053064
5,AIBA,49,0.9964849313053064
5,AIBA,50,0.9964849313053064
5,AIBA,51,0.9964849313053064
5,AIBA,52,0.9964849313053064
5,AIBA,53,0.9964849313053064
5,AIBA,54,0.9964849313053064
5,AIBA,55,0.9964849313053064
5,AIBA,56,0.9964849313053064
5,AIBA,57,0.9964849313053064
5,AIBA,58,0.9964849313053064
5,AIBA,59,0.9964849313053064
5,AIBA,60,0.9964849313053064
5,AIBA,61,0.9964849313053064
5,AIBA,62,0.9964849313053064
5,AIBA,63,0.9964849313053064
5,AIBA,64,0.9964849313053064
5,AIBA,65,0.9964849313053064
5,AIBA,66,0.9964849313053064
5,AIBA,67,0.9964849313053064
5,AIBA,68,0.9964849313053064
5,AIBA,69,0.9964849313053064
5,AIBA,70,0.9964849313053064
5,AIBA,71,0.9964849313053064
5,AIBA,72,0.9964849313053064
5,AIBA,73,0.9964849313053064
5,AIBA,74,0.9964849313053064
5,AIBA,75,0.9964849313053064
5,AIBA,76,0.9964849313053064
5,AIBA,77,0.9964849313053064
5,AIBA,78,0.9964849313053064
5,AIBA,79,0.9964849313053064
5,AIBA,80,0.9964849313053064
5,AIBA,81,0.9964849313053064
5,AIBA,82,0.9964849313053064
5,AIBA,83,0.9964849313053064
5,AIBA,84,0.9964849313053064
5,AIBA,85,0.9964849313053064
5,AIBA,86,0.9964849313053064
5,AIBA,87,0.9964849313053064
5,AIBA,88,0.9964849313053064
5,AIBA,89,0.9964849313053064
5,AIBA,90,0.9964849313053064
5,AIBA,91,0.9964849313053064
5,AIBA,92,0.9964849313053064
5,AIBA,93,0.9964849313053064
5,AIBA,94,0.9964849313053064
5,AIBA,95,0.9977317505956828
5,AIBA,96,0.9977317505956828
5,AIBA,97,0.9977317505956828
5,AIBA,98,0.9977317505956828
5,AIBA,99,0.9977317505956828
5,AIBA,100,0.9977317505956828
5,AIBA,101,0.9977317505956828
5,AIBA,102,0.9977317505956828
5,AIBA,103,0.9977317505956828
5,AIBA,104,0.9977317505956828
5,AIBA,105,0.9977317505956828
5,AIBA,106,0.9977317505956828
5,AIBA,107,0.9977317505956828
5,AIBA,108,0.9977317505956828
5,AIBA,109,0.9977317505956828
5,AIBA,110,0.9977317505956828
5,AIBA,111,0.9977317505956828
5,AIBA,112,0.9977317505956828
5,AIBA,113,0.9977317505956828
5,AIBA,114,0.9977317505956828
5,AIBA,115,0.9977317505956828
5,AIBA,116,0.9977317505956828
5,AIBA,117,0.9977317505956828
5,AIBA,118,0.9977317505956828
5,AIBA,119,0.9977317505956828
5,AIBA,120,0.9977317505956828
5,Broad,1,0.9752854159034423
5,Broad,2,0.9752854159034423
5,Broad,3,0.9752854159034423
5,Broad,4,0.9934096000915765
5,Broad,5,0.9934096000915765
5,Broad,6,0.9934096000915765
5,Broad,7,0.9934096000915765
5,Broad,8,0.9934096000915765
5,Broad,9,0.9934096000915765
5,Broad,10,0.9934096000915765
5,Broad,11,0.9934096000915765
5,Broad,12,0.9934096000915765
5,Broad,13,0.9934096000915765
5,Broad,14,0.9934096000915765
5,Broad,15,0.9934096000915765
5,Broad,16,0.9934096000915765
5,Broad,17,0.9934096000915765
5,Broad,18,0.9934096000915765
5,Broad,19,0.9934096000915765
5,Broad,20,0.9934096000915765
5,Broad,21,0.9934096000915765
5,Broad,22,0.9934096000915765
5,Broad,23,0.9934096000915765
5,Broad,24,0.9934096000915765
5,Broad,25,0.9934096000915765
5,Broad,26,0.9934096000915765
5,Broad,27,0.9934096000915765
5,Broad,28,0.9934096000915765
5,Broad,29,0.9934096000915765
5,Broad,30,0.9934096000915765
5,Broad,31,0.9934096000915765
5,Broad,32,0.9934096000915765
5,Broad,33,0.9934096000915765
5,Broad,34,0.9934096000915765
5,Broad,35,0.9934096000915765
5,Broad,36,0.9934096000915765
5,Broad,37,0.9934096000915765
5,Broad,38,0.9934096000915765
5,Broad,39,0.9934096000915765
5,Broad,40,0.9934096000915765
5,Broad,41,0.9934096000915765
5,Broad,42,0.9934096000915765
5,Broad,43,0.9934096000915765
5,Broad,44,0.9934096000915765
5,Broad,45,0.9964849313053064
5,Broad,46,0.9964849313053064
5,Broad,47,0.9964849313053064
5,Broad,48,0.9964849313053064
5,Broad,49,0.9964849313053064
5,Broad,50,0.9964849313053064
5,Broad,51,0.9964849313053064
5,Broad,52,0.9964849313053064
5,Broad,53,0.9964849313053064
5,Broad,54,0.9964849313053064
5,Broad,55,0.9964849313053064
5,Broad,56,0.9964849313053064
5,Broad,57,0.9964849313053064
5,Broad,58,0.9964849313053064
5,Broad,59,0.9964849313053064
5,Broad,60,0.9964849313053064
5,Broad,61,0.9964849313053064
5,Broad,62,0.9964849313053064
5,Broad,63,0.9964849313053064
5,Broad,64,0.9964849313053064
5,Broad,65,0.9964849313053064
5,Broad,66,0.9964849313053064
5,Broad,67,0.9964849313053064
5,Broad,68,0.9964849313053064
5,Broad,69,0.9964849313053064
5,Broad,70,0.9964849313053064
5,Broad,71,0.9964849313053064
5,Broad,72,0.9964849313053064
5,Broad,73,0.9964849313053064
5,Broad,74,0.9964849313053064
5,Broad,75,0.9964849313053064
5,Broad,76,0.9964849313053064
5,Broad,77,0.9964849313053064
5,Broad,78,0.9964849313053064
5,Broad,79,0.9964849313053064
5,Broad,80,0.9964849313053064
5,Broad,81,0.9964849313053064
5,Broad,82,0.9964849313053064
5,Broad,83,0.9964849313053064
5,Broad,84,0.9964849313053064
5,Broad,85,0.9964849313053064
5,Broad,86,0.9964849313053064
5,Broad,87,0.9964849313053064
5,Broad,88,0.9964849313053064
5,Broad,89,0.9964849313053064
5,Broad,90,0.9964849313053064
5,Broad,91,0.9964849313053064
5,Broad,92,0.9964849313053064
5,Broad,93,0.9964849313053064
5,Broad,94,0.9964849313053064
5,Broad,95,0.9977317505956828
5,Broad,96,0.9977317505956828
5,Broad,97,0.9977317505956828
5,Broad,98,0.9977317505956828
5,Broad,99,0.9977317505956828
5,Broad,100,0.9977317505956828
5,Broad,101,0.9977317505956828
5,Broad,102,0.9977317505956828
5,Broad,103,0.9977317505956828
5,Broad,104,0.9977317505956828
5,Broad,105,0.9977317505956828
5,Broad,106,0.9977317505956828
5,Broad,107,0.9977317505956828
5,Broad,108,0.9977317505956828
5,Broad,109,0.9977317505956828
5,Broad,110,0.9977317505956828
5,Broad,111,0.9977317505956828
5,Broad,112,0.9977317505956828
5,Broad,113,0.9977317505956828
5,Broad,114,0.9977317505956828
5,Broad,115,0.9977317505956828
5,Broad,116,0.9977317505956828
5,Broad,117,0.9977317505956828
5,Broad,118,0.9977317505956828
5,Broad,119,0.9977317505956828
5,Broad,120,0.9977317505956828
6,AIBA,1,0.04434450173901339
6,AIBA,2,0.04434450173901339
6,AIBA,3,0.540853517471801
6,AIBA,4,0.6292972311478979
6,AIBA,5,0.6292972311478979
6,AIBA,6,0.6292972311478979
6,AIBA,7,0.6992676668807032
6,AIBA,8,0.8203878633083138
6,AIBA,9,0.8203878633083138
6,AIBA,10,0.8203878633083138
6,AIBA,11,0.99297179024731
6,AIBA,12,0.99297179024731
6,AIBA,13,0.9966557385665283
6,AIBA,14,0.9966557385665283
6,AIBA,15,0.9966557385665283
6,AIBA,16,0.9966557385665283
6,AIBA,17,0.9966557385665283
6,AIBA,18,0.9966557385665283
6,AIBA,19,0.9966557385665283
6,AIBA,20,0.9966557385665283
6,AIBA,21,0.9966557385665283
6,AIBA,22,0.9966557385665283
6,AIBA,23,0.9966557385665283
6,AIBA,24,0.9966557385665283
6,AIBA,25,0.9966557385665283
6,AIBA,26,0.9966557385665283
6,AIBA,27,0.9966557385665283
6,AIBA,28,0.9966557385665283
6,AIBA,29,0.9966557385665283
6,AIBA,30,0.9970621439135445
6,AIBA,31,0.9970621439135445
6,AIBA,32,0.9970621439135445
6,AIBA,33,0.9970621439135445
6,AIBA,34,0.9970621439135445
6,AIBA,35,0.9970621439135445
6,AIBA,36,0.9970621439135445
6,AIBA,37,0.9970621439135445
6,AIBA,38,0.9970621439135445
6,AIBA,39,0.9970621439135445
6,AIBA,40,0.9970621439135445
6,AIBA,41,0.9970621439135445
6,AIBA,42,0.9970621439135445
6,AIBA,43,0.9970621439135445
6,AIBA,44,0.9970621439135445
6,AIBA,45,0.9970621439135445
6,AIBA,46,0.9970621439135445
6,AIBA,47,0.9970621439135445
6,AIBA,48,0.9970621439135445
6,AIBA,49,0.9970621439135445
6,AIBA,50,0.9970621439135445
6,AIBA,51,0.9970621439135445
6,AIBA,52,0.9970621439135445
6,AIBA,53,0.9970621439135445
6,AIBA,54,0.9970621439135445
6,AIBA,55,0.9970621439135445
6,AIBA,56,0.9970621439135445
6,AIBA,57,0.9970621439135445
6,AIBA,58,0.9970621439135445
6,AIBA,59,0.9970621439135445
6,AIBA,60,0.9970621439135445
6,AIBA,61,0.9970621439135445
6,AIBA,62,0.9970621439135445
6,AIBA,63,0.9970621439135445
6,AIBA,64,0.9970621439135445
6,AIBA,65,0.9970621439135445
6,AIBA,66,0.9970621439135445
6,AIBA,67,0.9970621439135445
6,AIBA,68,0.9970621439135445
6,AIBA,69,0.9970621439135445
6,AIBA,70,0.9970621439135445
6,AIBA,71,0.9970621439135445
6,AIBA,72,0.9970621439135445
6,AIBA,73,0.9970621439135445
6,AIBA,74,0.9985285552031917
6,AIBA,75,0.9985285552031917
6,AIBA,76,0.9985285552031917
6,AIBA,77,0.9985285552031917
6,AIBA,78,0.9985285552031917
6,AIBA,79,0.9985285552031917
6,AIBA,80,0.9985285552031917
6,AIBA,81,0.9985285552031917
6,AIBA,82,0.9985285552031917
6,AIBA,83,0.9985285552031917
6,AIBA,84,0.9985285552031917
6,AIBA,85,0.9985285552031917
6,AIBA,86,0.9985285552031917
6,AIBA,87,0.9985285552031917
6,AIBA,88,0.9985285552031917
6,AIBA,89,0.9985285552031917
6,AIBA,90,0.9985285552031917
6,AIBA,91,0.9985285552031917
6,AIBA,92,0.9985285552031917
6,AIBA,93,0.9985285552031917
6,AIBA,94,0.9985285552031917
6,AIBA,95,0.9985285552031917
6,AIBA,96,0.9985285552031917
6,AIBA,97,0.9985285552031917
6,AIBA,98,0.9985285552031917
6,AIBA,99,0.9985285552031917
6,AIBA,100,0.9985285552031917
6,AIBA,101,0.9985285552031917
6,AIBA,102,0.9985285552031917
6,AIBA,103,0.9985285552031917
6,AIBA,104,0.9985285552031917
6,AIBA,105,0.9985285552031917
6,AIBA,106,0.9985285552031917
6,AIBA,107,0.9985285552031917
6,AIBA,108,0.9985285552031917
6,AIBA,109,0.9985285552031917
6,AIBA,110,0.9985285552031917
6,AIBA,111,0.9985285552031917
6,AIBA,112,0.9985285552031917
6,AIBA,113,0.9985285552031917
6,AIBA,114,0.9985285552031917
6,AIBA,115,0.9985285552031917
6,AIBA,116,0.9985285552031917
6,AIBA,117,0.9985285552031917
6,AIBA,118,0.9985285552031917
6,AIBA,119,0.9985285552031917
6,AIBA,120,0.9985285552031917
6,Broad,1,0.04434450173901339
6,Broad,2,0.04434450173901339
6,Broad,3,0.540853517471801
6,Broad,4,0.6292972311478979
6,Broad,5,0.6292972311478979
6,Broad,6,0.6292972311478979
6,Broad,7,0.6992676668807032
6,Broad,8,0.8203878633083138
6,Broad,9,0.8203878633083138
6,Broad,10,0.8203878633083138
6,Broad,11,0.99297179024731
6,Broad,12,0.99297179024731
6,Broad,13,0.9966557385665283
6,Broad,14,0.9966557385665283
6,Broad,15,0.9966557385665283
6,Broad,16,0.9966557385665283
6,Broad,17,0.9966557385665283
6,Broad,18,0.9966557385665283
6,Broad,19,0.9966557385665283
6,Broad,20,0.9966557385665283
6,Broad,21,0.9966557385665283
6,Broad,22,0.9966557385665283
6,Broad,23,0.9966557385665283
6,Broad,24,0.9966557385665283
6,Broad,25,0.9966557385665283
6,Broad,26,0.9966557385665283
6,Broad,27,0.9966557385665283
6,Broad,28,0.9966557385665283
6,Broad,29,0.9966557385665283
6,Broad,30,0.9970621439135445
6,Broad,31,0.9970621439135445
6,Broad,32,0.9970621439135445
6,Broad,33,0.9970621439135445
6,Broad,34,0.9970621439135445
6,Broad,35,0.9970621439135445
6,Broad,36,0.9970621439135445
6,Broad,37,0.9970621439135445
6,Broad,38,0.9970621439135445
6,Broad,39,0.9970621439135445
6,Broad,40,0.9970621439135445
6,Broad,41,0.9970621439135445
6,Broad,42,0.9970621439135445
6,Broad,43,0.9970621439135445
6,Broad,44,0.9970621439135445
6,Broad,45,0.9970621439135445
6,Broad,46,0.9970621439135445
6,Broad,47,0.9970621439135445
6,Broad,48,0.9970621439135445
6,Broad,49,0.9970621439135445
6,Broad,50,0.9970621439135445
6,Broad,51,0.9970621439135445
6,Broad,52,0.9970621439135445
6,Broad,53,0.9970621439135445
6,Broad,54,0.9970621439135445
6,Broad,55,0.9970621439135445
6,Broad,56,0.9970621439135445
6,Broad,57,0.9970621439135445
6,Broad,58,0.9970621439135445
6,Broad,59,0.9970621439135445
6,Broad,60,0.9970621439135445
6,Broad,61,0.9970621439135445
6,Broad,62,0.9970621439135445
6,Broad,63,0.9970621439135445
6,Broad,64,0.9970621439135445
6,Broad,65,0.9970621439135445
6,Broad,66,0.9970621439135445
6,Broad,67,0.9970621439135445
6,Broad,68,0.9970621439135445
6,Broad,69,0.9970621439135445
6,Broad,70,0.9970621439135445
6,Broad,71,0.9970621439135445
6,Broad,72,0.9970621439135445
6,Broad,73,0.9970621439135445
6,Broad,74,0.9985285552031917
6,Broad,75,0.9985285552031917
6,Broad,76,0.9985285552031917
6,Broad,77,0.9985285552031917
6,Broad,78,0.9985285552031917
6,Broad,79,0.9985285552031917
6,Broad,80,0.9985285552031917
6,Broad,81,0.9985285552031917
6,Broad,82,0.9985285552031917
6,Broad,83,0.9985285552031917
6,Broad,84,0.9985285552031917
6,Broad,85,0.9985285552031917
6,Broad,86,0.9985285552031917
6,Broad,87,0.9985285552031917
6,Broad,88,0.9985285552031917
6,Broad,89,0.9985285552031917
6,Broad,90,0.9985285552031917
6,Broad,91,0.9985285552031917
6,Broad,92,0.9985285552031917
6,Broad,93,0.9985285552031917
6,Broad,94,0.9985285552031917
6,Broad,95,0.9985285552031917
6,Broad,96,0.9985285552031917
6,Broad,97,0.9985285552031917
6,Broad,98,0.9985285552031917
6,Broad,99,0.9985285552031917
6,Broad,100,0.9985285552031917
6,Broad,101,0.9985285552031917
6,Broad,102,0.9985285552031917
6,Broad,103,0.9985285552031917
6,Broad,104,0.9985285552031917
6,Broad,105,0.9985285552031917
6,Broad,106,0.9985285552031917
6,Broad,107,0.9985285552031917
6,Broad,108,0.9985285552031917
6,Broad,109,0.9985285552031917
6,Broad,110,0.9985285552031917
6,Broad,111,0.9985285552031917
6,Broad,112,0.9985285552031917
6,Broad,113,0.9985285552031917
6,Broad,114,0.9985285552031917
6,Broad,115,0.9985285552031917
6,Broad,116,0.9985285552031917
6,Broad,117,0.9985285552031917
6,Broad,118,0.9985285552031917
6,Broad,119,0.9985285552031917
6,Broad,120,0.9985285552031917
7,AIBA,1,-0.40164002285049283
7,AIBA,2,0.9881134687525782
7,AIBA,3,0.9881134687525782
7,AIBA,4,0.9881134687525782
7,AIBA,5,0.9881134687525782
7,AIBA,6,0.9881134687525782
7,AIBA,7,0.9881134687525782
7,AIBA,8,0.9887569800464922
7,AIBA,9,0.9887569800464922
7,AIBA,10,0.9887569800464922
7,AIBA,11,0.9887569800464922
7,AIBA,12,0.9887569800464922
7,AIBA,13,0.9925426720299381
7,AIBA,14,0.9925426720299381
7,AIBA,15,0.9925426720299381
7,AIBA,16,0.9925426720299381
7,AIBA,17,0.9925426720299381
7,AIBA,18,0.9925426720299381
7,AIBA,19,0.9925426720299381
7,AIBA,20,0.9925426720299381
7,AIBA,21,0.9925426720299381
7,AIBA,22,0.9925426720299381
7,AIBA,23,0.9925426720299381
7,AIBA,24,0.9925426720299381
7,AIBA,25,0.9925426720299381
7,AIBA,26,0.9925426720299381
7,AIBA,27,0.9925426720299381
7,AIBA,28,0.9925426720299381
7,AIBA,29,0.9925426720299381
7,AIBA,30,0.9925426720299381
7,AIBA,31,0.9925426720299381
7,AIBA,32,0.9925426720299381
7,AIBA,33,0.9925426720299381
7,AIBA,34,0.9925426720299381
7,AIBA,35,0.9925426720299381
7,AIBA,36,0.9925426720299381
7,AIBA,37,0.9925426720299381
7,AIBA,38,0.9925426720299381
7,AIBA,39,0.9925426720299381
7,AIBA,40,0.9925426720299381
7,AIBA,41,0.9925426720299381
7,AIBA,42,0.9925426720299381
7,AIBA,43,0.9925426720299381
7,AIBA,44,0.9925426720299381
7,AIBA,45,0.9925426720299381
7,AIBA,46,0.9960150096821301
7,AIBA,47,0.9960150096821301
7,AIBA,48,0.9960150096821301
7,AIBA,49,0.9960150096821301
7,AIBA,50,0.9960150096821301
7,AIBA,51,0.9960150096821301
7,AIBA,52,0.9960150096821301
7,AIBA,53,0.9960150096821301
7,AIBA,54,0.9960150096821301
7,AIBA,55,0.9960150096821301
7,AIBA,56,0.9960150096821301
7,AIBA,57,0.9960150096821301
7,AIBA,58,0.9960150096821301
7,AIBA,59,0.9960150096821301
7,AIBA,60,0.9960150096821301
7,AIBA,61,0.9960150096821301
7,AIBA,62,0.9960150096821301
7,AIBA,63,0.9960150096821301
7,AIBA,64,0.9960150096821301
7,AIBA,65,0.9960150096821301
7,AIBA,66,0.9960150096821301
7,AIBA,67,0.9960150096821301
7,AIBA,68,0.9960150096821301
7,AIBA,69,0.9960150096821301
7,AIBA,70,0.9960150096821301
7,AIBA,71,0.9960150096821301
7,AIBA,72,0.9960150096821301
7,AIBA,73,0.9960150096821301
7,AIBA,74,0.9960150096821301
7,AIBA,75,0.9960150096821301
7,AIBA,76,0.9960150096821301
7,AIBA,77,0.9960150096821301
7,AIBA,78,0.9960150096821301
7,AIBA,79,0.9960150096821301
7,AIBA,80,0.997268306230551
7,AIBA,81,0.997268306230551
7,AIBA,82,0.997268306230551
7,AIBA,83,0.997268306230551
7,AIBA,84,0.997268306230551
7,AIBA,85,0.997268306230551
7,AIBA,86,0.997268306230551
7,AIBA,87,0.997268306230551
7,AIBA,88,0.997268306230551
7,AIBA,89,0.997268306230551
7,AIBA,90,0.997268306230551
7,AIBA,91,0.997268306230551
7,AIBA,92,0.997268306230551
7,AIBA,93,0.997268306230551
7,AIBA,94,0.997268306230551
7,AIBA,95,0.997268306230551
7,AIBA,96,0.997268306230551
7,AIBA,97,0.997268306230551
7,AIBA,98,0.997268306230551
7,AIBA,99,0.997268306230551
7,AIBA,100,0.997268306230551
7,AIBA,101,0.997268306230551
7,AIBA,102,0.997268306230551
7,AIBA,103,0.9974695703793164
7,AIBA,104,0.9974695703793164
7,AIBA,105,0.9974695703793164
7,AIBA,106,0.9974695703793164
7,AIBA,107,0.9974695703793164
7,AIBA,108,0.9974695703793164
7,AIBA,109,0.9975547959339122
7,AIBA,110,0.9975547959339122
7,AIBA,111,0.9975547959339122
7,AIBA,112,0.9975547959339122
7,AIBA,113,0.9975547959339122
7,AIBA,114,0.9975547959339122
7,AIBA,115,0.9975547959339122
7,AIBA,116,0.9975547959339122
7,AIBA,117,0.9975547959339122
7,AIBA,118,0.9975547959339122
7,AIBA,119,0.9981984013875045
7,AIBA,120,0.9981984013875045
7,Broad,1,-0.40164002285049283
7,Broad,2,0.9881134687525782
7,Broad,3,0.9881134687525782
7,Broad,4,0.9881134687525782
7,Broad,5,0.9881134687525782
7,Broad,6,0.9881134687525782
7,Broad,7,0.9881134687525782
7,Broad,8,0.9887569800464922
7,Broad,9,0.9887569800464922
7,Broad,10,0.9887569800464922
7,Broad,11,0.9887569800464922
7,Broad,12,0.9887569800464922
7,Broad,13,0.9925426720299381
7,Broad,14,0.9925426720299381
7,Broad,15,0.9925426720299381
7,Broad,16,0.9925426720299381
7,Broad,17,0.9925426720299381
7,Broad,18,0.9925426720299381
7,Broad,19,0.9925426720299381
7,Broad,20,0.9925426720299381
7,Broad,21,0.9925426720299381
7,Broad,22,0.9925426720299381
7,Broad,23,0.9925426720299381
7,Broad,24,0.9925426720299381
7,Broad,25,0.9925426720299381
7,Broad,26,0.9925426720299381
7,Broad,27,0.9925426720299381
7,Broad,28,0.9925426720299381
7,Broad,29,0.9925426720299381
7,Broad,30,0.9925426720299381
7,Broad,31,0.9925426720299381
7,Broad,32,0.9925426720299381
7,Broad,33,0.9925426720299381
7,Broad,34,0.9925426720299381
7,Broad,35,0.9925426720299381
7,Broad,36,0.9925426720299381
7,Broad,37,0.9925426720299381
7,Broad,38,0.9925426720299381
7,Broad,39,0.9925426720299381
7,Broad,40,0.9925426720299381
7,Broad,41,0.9925426720299381
7,Broad,42,0.9925426720299381
7,Broad,43,0.9925426720299381
7,Broad,44,0.9925426720299381
7,Broad,45,0.9925426720299381
7,Broad,46,0.9960150096821301
7,Broad,47,0.9960150096821301
7,Broad,48,0.9960150096821301
7,Broad,49,0.9960150096821301
7,Broad,50,0.9960150096821301
7,Broad,51,0.9960150096821301
7,Broad,52,0.9960150096821301
7,Broad,53,0.9960150096821301
7,Broad,54,0.9960150096821301
7,Broad,55,0.9960150096821301
7,Broad,56,0.9960150096821301
7,Broad,57,0.9960150096821301
7,Broad,58,0.9960150096821301
7,Broad,59,0.9960150096821301
7,Broad,60,0.9960150096821301
7,Broad,61,0.9960150096821301
7,Broad,62,0.9960150096821301
7,Broad,63,0.9960150096821301
7,Broad,64,0.9960150096821301
7,Broad,65,0.9960150096821301
7,Broad,66,0.9960150096821301
7,Broad,67,0.9960150096821301
7,Broad,68,0.9960150096821301
7,Broad,69,0.9960150096821301
7,Broad,70,0.9960150096821301
7,Broad,71,0.9960150096821301
7,Broad,72,0.9960150096821301
7,Broad,73,0.9960150096821301
7,Broad,74,0.9960150096821301
7,Broad,75,0.9960150096821301
7,Broad,76,0.9960150096821301
7,Broad,77,0.9960150096821301
7,Broad,78,0.9960150096821301
7,Broad,79,0.9960150096821301
7,Broad,80,0.997268306230551
7,Broad,81,0.997268306230551
7,Broad,82,0.997268306230551
7,Broad,83,0.997268306230551
7,Broad,84,0.997268306230551
7,Broad,85,0.997268306230551
7,Broad,86,0.997268306230551
7,Broad,87,0.997268306230551
7,Broad,88,0.997268306230551
7,Broad,89,0.997268306230551
7,Broad,90,0.997268306230551
7,Broad,91,0.997268306230551
7,Broad,92,0.997268306230551
7,Broad,93,0.997268306230551
7,Broad,94,0.997268306230551
7,Broad,95,0.997268306230551
7,Broad,96,0.997268306230551
7,Broad,97,0.997268306230551
7,Broad,98,0.997268306230551
7,Broad,99,0.997268306230551
7,Broad,100,0.997268306230551
7,Broad,101,0.997268306230551
7,Broad,102,0.997268306230551
7,Broad,103,0.997268306230551
7,Broad,104,0.997268306230551
7,Broad,105,0.997268306230551
7,Broad,106,0.997268306230551
7,Broad,107,0.997268306230551
7,Broad,108,0.997268306230551
7,Broad,109,0.997268306230551
7,Broad,110,0.997268306230551
7,Broad,111,0.997268306230551
7,Broad,112,0.997268306230551
7,Broad,113,0.997268306230551
7,Broad,114,0.997268306230551
7,Broad,115,0.997268306230551
7,Broad,116,0.997268306230551
7,Broad,117,0.997268306230551
7,Broad,118,0.997268306230551
7,Broad,119,0.997268306230551
7,Broad,120,0.997268306230551
8,AIBA,1,0.9098968121756189
8,AIBA,2,0.9933501256062177
8,AIBA,3,0.9933501256062177
8,AIBA,4,0.9933501256062177
8,AIBA,5,0.9933501256062177
8,AIBA,6,0.9933501256062177
8,AIBA,7,0.9933501256062177
8,AIBA,8,0.9933501256062177
8,AIBA,9,0.9933501256062177
8,AIBA,10,0.9933501256062177
8,AIBA,11,0.9933501256062177
8,AIBA,12,0.9933501256062177
8,AIBA,13,0.9933501256062177
8,AIBA,14,0.9933501256062177
8,AIBA,15,0.9933501256062177
8,AIBA,16,0.9933501256062177
8,AIBA,17,0.9933501256062177
8,AIBA,18,0.9933501256062177
8,AIBA,19,0.9966185093551697
8,AIBA,20,0.9966185093551697
8,AIBA,21,0.9966185093551697
8,AIBA,22,0.9966185093551697
8,AIBA,23,0.9966185093551697
8,AIBA,24,0.9966185093551697
8,AIBA,25,0.9966185093551697
8,AIBA,26,0.9966185093551697
8,AIBA,27,0.9966185093551697
8,AIBA,28,0.9966185093551697
8,AIBA,29,0.9966185093551697
8,AIBA,30,0.9966185093551697
8,AIBA,31,0.9966185093551697
8,AIBA,32,0.9966185093551697
8,AIBA,33,0.9966185093551697
8,AIBA,34,0.9966185093551697
8,AIBA,35,0.9966185093551697
8,AIBA,36,0.9966185093551697
8,AIBA,37,0.9966185093551697
8,AIBA,38,0.9966185093551697
8,AIBA,39,0.9966185093551697
8,AIBA,40,0.9966185093551697
8,AIBA,41,0.9966185093551697
8,AIBA,42,0.9966185093551697
8,AIBA,43,0.9966185093551697
8,AIBA,44,0.9966185093551697
8,AIBA,45,0.9966185093551697
8,AIBA,46,0.9966185093551697
8,AIBA,47,0.9966185093551697
8,AIBA,48,0.9966185093551697
8,AIBA,49,0.9966185093551697
8,AIBA,50,0.9966185093551697
8,AIBA,51,0.9966185093551697
8,AIBA,52,0.9966185093551697
8,AIBA,53,0.9966185093551697
8,AIBA,54,0.9966185093551697
8,AIBA,55,0.9966185093551697
8,AIBA,56,0.9966185093551697
8,AIBA,57,0.9966185093551697
8,AIBA,58,0.9966185093551697
8,AIBA,59,0.9966185093551697
8,AIBA,60,0.9966185093551697
8,AIBA,61,0.9966185093551697
8,AIBA,62,0.9966185093551697
8,AIBA,63,0.9966185093551697
8,AIBA,64,0.9966185093551697
8,AIBA,65,0.9966185093551697
8,AIBA,66,0.9966185093551697
8,AIBA,67,0.9966185093551697
8,AIBA,68,0.9966185093551697
8,AIBA,69,0.9966185093551697
8,AIBA,70,0.9966185093551697
8,AIBA,71,0.9966185093551697
8,AIBA,72,0.9966185093551697
8,AIBA,73,0.9966185093551697
8,AIBA,74,0.9966185093551697
8,AIBA,75,0.9966185093551697
8,AIBA,76,0.9966185093551697
8,AIBA,77,0.9966185093551697
8,AIBA,78,0.9966185093551697
8,AIBA,79,0.9966185093551697
8,AIBA,80,0.9966185093551697
8,AIBA,81,0.9966185093551697
8,AIBA,82,0.9966185093551697
8,AIBA,83,0.9966185093551697
8,AIBA,84,0.9966185093551697
8,AIBA,85,0.9966185093551697
8,AIBA,86,0.9966185093551697
8,AIBA,87,0.9966185093551697
8,AIBA,88,0.9966185093551697
8,AIBA,89,0.9966185093551697
8,AIBA,90,0.9966185093551697
8,AIBA,91,0.9966185093551697
8,AIBA,92,0.9966185093551697
8,AIBA,93,0.9966185093551697
8,AIBA,94,0.9966185093551697
8,AIBA,95,0.9966185093551697
8,AIBA,96,0.9966185093551697
8,AIBA,97,0.9966185093551697
8,AIBA,98,0.9966185093551697
8,AIBA,99,0.9966185093551697
8,AIBA,100,0.9966185093551697
8,AIBA,101,0.9966185093551697
8,AIBA,102,0.9966185093551697
8,AIBA,103,0.9966185093551697
8,AIBA,104,0.9966185093551697
8,AIBA,105,0.9966185093551697
8,AIBA,106,0.9966185093551697
8,AIBA,107,0.9966185093551697
8,AIBA,108,0.9966185093551697
8,AIBA,109,0.9966185093551697
8,AIBA,110,0.9966185093551697
8,AIBA,111,0.9966185093551697
8,AIBA,112,0.9966185093551697
8,AIBA,113,0.9966185093551697
8,AIBA,114,0.9966185093551697
8,AIBA,115,0.9966185093551697
8,AIBA,116,0.9966185093551697
8,AIBA,117,0.9975952780055638
8,AIBA,118,0.9975952780055638
8,AIBA,119,0.9975952780055638
8,AIBA,120,0.9975952780055638
8,Broad,1,0.9098968121756189
8,Broad,2,0.9933501256062177
8,Broad,3,0.9933501256062177
8,Broad,4,0.9933501256062177
8,Broad,5,0.9933501256062177
8,Broad,6,0.9933501256062177
8,Broad,7,0.9933501256062177
8,Broad,8,0.9933501256062177
8,Broad,9,0.9933501256062177
8,Broad,10,0.9933501256062177
8,Broad,11,0.9933501256062177
8,Broad,12,0.9933501256062177
8,Broad,13,0.9933501256062177
8,Broad,14,0.9933501256062177
8,Broad,15,0.9933501256062177
8,Broad,16,0.9933501256062177
8,Broad,17,0.9933501256062177
8,Broad,18,0.9933501256062177
8,Broad,19,0.9966185093551697
8,Broad,20,0.9966185093551697
8,Broad,21,0.9966185093551697
8,Broad,22,0.9966185093551697
8,Broad,23,0.9966185093551697
8,Broad,24,0.9966185093551697
8,Broad,25,0.9966185093551697
8,Broad,26,0.9966185093551697
8,Broad,27,0.9966185093551697
8,Broad,28,0.9966185093551697
8,Broad,29,0.9966185093551697
8,Broad,30,0.9966185093551697
8,Broad,31,0.9966185093551697
8,Broad,32,0.9966185093551697
8,Broad,33,0.9966185093551697
8,Broad,34,0.9966185093551697
8,Broad,35,0.9966185093551697
8,Broad,36,0.9966185093551697
8,Broad,37,0.9966185093551697
8,Broad,38,0.9966185093551697
8,Broad,39,0.9966185093551697
8,Broad,40,0.9966185093551697
8,Broad,41,0.9966185093551697
8,Broad,42,0.9966185093551697
8,Broad,43,0.9966185093551697
8,Broad,44,0.9966185093551697
8,Broad,45,0.9966185093551697
8,Broad,46,0.9966185093551697
8,Broad,47,0.9966185093551697
8,Broad,48,0.9966185093551697
8,Broad,49,0.9966185093551697
8,Broad,50,0.9966185093551697
8,Broad,51,0.9966185093551697
8,Broad,52,0.9966185093551697
8,Broad,53,0.9966185093551697
8,Broad,54,0.9966185093551697
8,Broad,55,0.9966185093551697
8,Broad,56,0.9966185093551697
8,Broad,57,0.9966185093551697
8,Broad,58,0.9966185093551697
8,Broad,59,0.9966185093551697
8,Broad,60,0.9966185093551697
8,Broad,61,0.9966185093551697
8,Broad,62,0.9966185093551697
8,Broad,63,0.9966185093551697
8,Broad,64,0.9966185093551697
8,Broad,65,0.9966185093551697
8,Broad,66,0.9966185093551697
8,Broad,67,0.9966185093551697
8,Broad,68,0.9966185093551697
8,Broad,69,0.9966185093551697
8,Broad,70,0.9966185093551697
8,Broad,71,0.9966185093551697
8,Broad,72,0.9966185093551697
8,Broad,73,0.9966185093551697
8,Broad,74,0.9966185093551697
8,Broad,75,0.9966185093551697
8,Broad,76,0.9966185093551697
8,Broad,77,0.9966185093551697
8,Broad,78,0.9966185093551697
8,Broad,79,0.9966185093551697
8,Broad,80,0.9966185093551697
8,Broad,81,0.9966185093551697
8,Broad,82,0.9966185093551697
8,Broad,83,0.9966185093551697
8,Broad,84,0.9966185093551697
8,Broad,85,0.9966185093551697
8,Broad,86,0.9966185093551697
8,Broad,87,0.9966185093551697
8,Broad,88,0.9966185093551697
8,Broad,89,0.9966185093551697
8,Broad,90,0.9966185093551697
8,Broad,91,0.9966185093551697
8,Broad,92,0.9966185093551697
8,Broad,93,0.9966185093551697
8,Broad,94,0.9966185093551697
8,Broad,95,0.9966185093551697
8,Broad,96,0.9966185093551697
8,Broad,97,0.9966185093551697
8,Broad,98,0.9966185093551697
8,Broad,99,0.9966185093551697
8,Broad,100,0.9966185093551697
8,Broad,101,0.9966185093551697
8,Broad,102,0.9966185093551697
8,Broad,103,0.9966185093551697
8,Broad,104,0.9966185093551697
8,Broad,105,0.9966185093551697
8,Broad,106,0.9966185093551697
8,Broad,107,0.9966185093551697
8,Broad,108,0.9966185093551697
8,Broad,109,0.9966185093551697
8,Broad,110,0.9966185093551697
8,Broad,111,0.9966185093551697
8,Broad,112,0.9966185093551697
8,Broad,113,0.9966185093551697
8,Broad,114,0.9966185093551697
8,Broad,115,0.9966185093551697
8,Broad,116,0.9966185093551697
8,Broad,117,0.9966185093551697
8,Broad,118,0.9966185093551697
8,Broad,119,0.9966185093551697
8,Broad,120,0.9966185093551697
9,AIBA,1,0.5502999236106297
9,AIBA,2,0.8759755310859578
9,AIBA,3,0.8759755310859578
9,AIBA,4,0.8759755310859578
9,AIBA,5,0.8759755310859578
9,AIBA,6,0.9660244108953886
9,AIBA,7,0.9660244108953886
9,AIBA,8,0.9660244108953886
9,AIBA,9,0.9660244108953886
9,AIBA,10,0.9660244108953886
9,AIBA,11,0.9660244108953886
9,AIBA,12,0.9660244108953886
9,AIBA,13,0.9660244108953886
9,AIBA,14,0.9660244108953886
9,AIBA,15,0.9660244108953886
9,AIBA,16,0.9660244108953886
9,AIBA,17,0.9705224029588195
9,AIBA,18,0.9705224029588195
9,AIBA,19,0.9705224029588195
9,AIBA,20,0.9705224029588195
9,AIBA,21,0.9705224029588195
9,AIBA,22,0.9705224029588195
9,AIBA,23,0.9705224029588195
9,AIBA,24,0.9705224029588195
9,AIBA,25,0.9705224029588195
9,AIBA,26,0.9705224029588195
9,AIBA,27,0.9705224029588195
9,AIBA,28,0.9705224029588195
9,AIBA,29,0.9705224029588195
9,AIBA,30,0.9938507148712417
9,AIBA,31,0.9938507148712417
9,AIBA,32,0.9938507148712417
9,AIBA,33,0.9938507148712417
9,AIBA,34,0.9968325615344877
9,AIBA,35,0.9968325615344877
9,AIBA,36,0.9968325615344877
9,AIBA,37,0.9968325615344877
9,AIBA,38,0.9968325615344877
9,AIBA,39,0.9968325615344877
9,AIBA,40,0.9968325615344877
9,AIBA,41,0.9968325615344877
9,AIBA,42,0.9968325615344877
9,AIBA,43,0.9968325615344877
9,AIBA,44,0.9968325615344877
9,AIBA,45,0.9968325615344877
9,AIBA,46,0.9968325615344877
9,AIBA,47,0.9968325615344877
9,AIBA,48,0.9968325615344877
9,AIBA,49,0.9968325615344877
9,AIBA,50,0.9968325615344877
9,AIBA,51,0.9968325615344877
9,AIBA,52,0.9968325615344877
9,AIBA,53,0.9968325615344877
9,AIBA,54,0.9968325615344877
9,AIBA,55,0.9968325615344877
9,AIBA,56,0.9968325615344877
9,AIBA,57,0.9968325615344877
9,AIBA,58,0.9968325615344877
9,AIBA,59,0.9968325615344877
9,AIBA,60,0.9968325615344877
9,AIBA,61,0.9968325615344877
9,AIBA,62,0.9968325615344877
9,AIBA,63,0.9968325615344877
9,AIBA,64,0.9968325615344877
9,AIBA,65,0.9968325615344877
9,AIBA,66,0.9968325615344877
9,AIBA,67,0.9968325615344877
9,AIBA,68,0.9968325615344877
9,AIBA,69,0.9968325615344877
9,AIBA,70,0.9968325615344877
9,AIBA,71,0.9968325615344877
9,AIBA,72,0.9968325615344877
9,AIBA,73,0.9968325615344877
9,AIBA,74,0.9968325615344877
9,AIBA,75,0.9968325615344877
9,AIBA,76,0.9968325615344877
9,AIBA,77,0.9968325615344877
9,AIBA,78,0.9968325615344877
9,AIBA,79,0.9968325615344877
9,AIBA,80,0.9968325615344877
9,AIBA,81,0.9968325615344877
9,AIBA,82,0.9968325615344877
9,AIBA,83,0.9968325615344877
9,AIBA,84,0.9968325615344877
9,AIBA,85,0.9968325615344877
9,AIBA,86,0.9968325615344877
9,AIBA,87,0.9968325615344877
9,AIBA,88,0.9968325615344877
9,AIBA,89,0.9968325615344877
9,AIBA,90,0.9968325615344877
9,AIBA,91,0.9968325615344877
9,AIBA,92,0.9968325615344877
9,AIBA,93,0.9968325615344877
9,AIBA,94,0.9968325615344877
9,AIBA,95,0.9968325615344877
9,AIBA,96,0.9968325615344877
9,AIBA,97,0.9968325615344877
9,AIBA,98,0.9968325615344877
9,AIBA,99,0.9968325615344877
9,AIBA,100,0.9968325615344877
9,AIBA,101,0.9968325615344877
9,AIBA,102,0.9968325615344877
9,AIBA,103,0.9968325615344877
9,AIBA,104,0.9968325615344877
9,AIBA,105,0.9968325615344877
9,AIBA,106,0.9968325615344877
9,AIBA,107,0.9968325615344877
9,AIBA,108,0.9968325615344877
9,AIBA,109,0.9968325615344877
9,AIBA,110,0.9968325615344877
9,AIBA,111,0.9968325615344877
9,AIBA,112,0.9968325615344877
9,AIBA,113,0.9968325615344877
9,AIBA,114,0.9968325615344877
9,AIBA,115,0.9968325615344877
9,AIBA,116,0.9968325615344877
9,AIBA,117,0.9968325615344877
9,AIBA,118,0.9968325615344877
9,AIBA,119,0.9968325615344877
9,AIBA,120,0.9968325615344877
9,Broad,1,0.5502999236106297
9,Broad,2,0.8759755310859578
9,Broad,3,0.8759755310859578
9,Broad,4,0.8759755310859578
9,Broad,5,0.8759755310859578
9,Broad,6,0.9660244108953886
9,Broad,7,0.9660244108953886
9,Broad,8,0.9660244108953886
9,Broad,9,0.9660244108953886
9,Broad,10,0.9660244108953886
9,Broad,11,0.9660244108953886
9,Broad,12,0.9660244108953886
9,Broad,13,0.9660244108953886
9,Broad,14,0.9660244108953886
9,Broad,15,0.9660244108953886
9,Broad,16,0.9660244108953886
9,Broad,17,0.9705224029588195
9,Broad,18,0.9705224029588195
9,Broad,19,0.9705224029588195
9,Broad,20,0.9705224029588195
9,Broad,21,0.9705224029588195
9,Broad,22,0.9705224029588195
9,Broad,23,0.9705224029588195
9,Broad,24,0.9705224029588195
9,Broad,25,0.9705224029588195
9,Broad,26,0.9705224029588195
9,Broad,27,0.9705224029588195
9,Broad,28,0.9705224029588195
9,Broad,29,0.9705224029588195
9,Broad,30,0.9938507148712417
9,Broad,31,0.9938507148712417
9,Broad,32,0.9938507148712417
9,Broad,33,0.9938507148712417
9,Broad,34,0.9968325615344877
9,Broad,35,0.9968325615344877
9,Broad,36,0.9968325615344877
9,Broad,37,0.9968325615344877
9,Broad,38,0.9968325615344877
9,Broad,39,0.9968325615344877
9,Broad,40,0.9968325615344877
9,Broad,41,0.9968325615344877
9,Broad,42,0.9968325615344877
9,Broad,43,0.9968325615344877
9,Broad,44,0.9968325615344877
9,Broad,45,0.9968325615344877
9,Broad,46,0.9968325615344877
9,Broad,47,0.9968325615344877
9,Broad,48,0.9968325615344877
9,Broad,49,0.9968325615344877
9,Broad,50,0.9968325615344877
9,Broad,51,0.9968325615344877
9,Broad,52,0.9968325615344877
9,Broad,53,0.9968325615344877
9,Broad,54,0.9968325615344877
9,Broad,55,0.9968325615344877
9,Broad,56,0.9968325615344877
9,Broad,57,0.9968325615344877
9,Broad,58,0.9968325615344877
9,Broad,59,0.9968325615344877
9,Broad,60,0.9968325615344877
9,Broad,61,0.9968325615344877
9,Broad,62,0.9968325615344877
9,Broad,63,0.9968325615344877
9,Broad,64,0.9968325615344877
9,Broad,65,0.9968325615344877
9,Broad,66,0.9968325615344877
9,Broad,67,0.9968325615344877
9,Broad,68,0.9968325615344877
9,Broad,69,0.9968325615344877
9,Broad,70,0.9968325615344877
9,Broad,71,0.9968325615344877
9,Broad,72,0.9968325615344877
9,Broad,73,0.9968325615344877
9,Broad,74,0.9968325615344877
9,Broad,75,0.9968325615344877
9,Broad,76,0.9968325615344877
9,Broad,77,0.9968325615344877
9,Broad,78,0.9968325615344877
9,Broad,79,0.9968325615344877
9,Broad,80,0.9968325615344877
9,Broad,81,0.9968325615344877
9,Broad,82,0.9968325615344877
9,Broad,83,0.9968325615344877
9,Broad,84,0.9968325615344877
9,Broad,85,0.9968325615344877
9,Broad,86,0.9968325615344877
9,Broad,87,0.9968325615344877
9,Broad,88,0.9968325615344877
9,Broad,89,0.9968325615344877
9,Broad,90,0.9968325615344877
9,Broad,91,0.9968325615344877
9,Broad,92,0.9968325615344877
9,Broad,93,0.9968325615344877
9,Broad,94,0.9968325615344877
9,Broad,95,0.9968325615344877
9,Broad,96,0.9968325615344877
9,Broad,97,0.9968325615344877
9,Broad,98,0.9968325615344877
9,Broad,99,0.9968325615344877
9,Broad,100,0.9968325615344877
9,Broad,101,0.9968325615344877
9,Broad,102,0.9968325615344877
9,Broad,103,0.9968325615344877
9,Broad,104,0.9968325615344877
9,Broad,105,0.9968325615344877
9,Broad,106,0.9968325615344877
9,Broad,107,0.9968325615344877
9,Broad,108,0.9968325615344877
9,Broad,109,0.9968325615344877
9,Broad,110,0.9968325615344877
9,Broad,111,0.9968325615344877
9,Broad,112,0.9976878826600847
9,Broad,113,0.9976878826600847
9,Broad,114,0.9976878826600847
9,Broad,115,0.9976878826600847
9,Broad,116,0.9976878826600847
9,Broad,117,0.9976878826600847
9,Broad,118,0.9976878826600847
9,Broad,119,0.9976878826600847
9,Broad,120,0.9976878826600847
10,AIBA,1,-0.619927012119829
10,AIBA,2,-0.5129505392668416
10,AIBA,3,0.911120887718846
10,AIBA,4,0.911120887718846
10,AIBA,5,0.9945006156450062
10,AIBA,6,0.9945006156450062
10,AIBA,7,0.9945006156450062
10,AIBA,8,0.9945006156450062
10,AIBA,9,0.9945006156450062
10,AIBA,10,0.9945006156450062
10,AIBA,11,0.9945006156450062
10,AIBA,12,0.9945006156450062
10,AIBA,13,0.9945006156450062
10,AIBA,14,0.9945006156450062
10,AIBA,15,0.9945006156450062
10,AIBA,16,0.9945006156450062
10,AIBA,17,0.9945006156450062
10,AIBA,18,0.9945006156450062
10,AIBA,19,0.9945006156450062
10,AIBA,20,0.9945006156450062
10,AIBA,21,0.9945006156450062
10,AIBA,22,0.9945006156450062
10,AIBA,23,0.9945006156450062
10,AIBA,24,0.9945006156450062
10,AIBA,25,0.9945006156450062
10,AIBA,26,0.9945006156450062
10,AIBA,27,0.9945006156450062
10,AIBA,28,0.9945006156450062
10,AIBA,29,0.9945006156450062
10,AIBA,30,0.9945006156450062
10,AIBA,31,0.9945006156450062
10,AIBA,32,0.9945006156450062
10,AIBA,33,0.9945006156450062
10,AIBA,34,0.9945006156450062
10,AIBA,35,0.9945006156450062
10,AIBA,36,0.9945006156450062
10,AIBA,37,0.9945006156450062
10,AIBA,38,0.9945006156450062
10,AIBA,39,0.9945006156450062
10,AIBA,40,0.9945006156450062
10,AIBA,41,0.9945006156450062
10,AIBA,42,0.9945006156450062
10,AIBA,43,0.9945006156450062
10,AIBA,44,0.9945006156450062
10,AIBA,45,0.9945006156450062
10,AIBA,46,0.9945006156450062
10,AIBA,47,0.9945006156450062
10,AIBA,48,0.9945006156450062
10,AIBA,49,0.9945006156450062
10,AIBA,50,0.9945006156450062
10,AIBA,51,0.9945006156450062
10,AIBA,52,0.9945006156450062
10,AIBA,53,0.9945006156450062
10,AIBA,54,0.9945006156450062
10,AIBA,55,0.9945006156450062
10,AIBA,56,0.9945006156450062
10,AIBA,57,0.9945006156450062
10,AIBA,58,0.9945006156450062
10,AIBA,59,0.9945006156450062
10,AIBA,60,0.9945006156450062
10,AIBA,61,0.9945006156450062
10,AIBA,62,0.9945006156450062
10,AIBA,63,0.9945006156450062
10,AIBA,64,0.9945006156450062
10,AIBA,65,0.9945006156450062
10,AIBA,66,0.9945006156450062
10,AIBA,67,0.9945006156450062
10,AIBA,68,0.9945006156450062
10,AIBA,69,0.9945006156450062
10,AIBA,70,0.9945006156450062
10,AIBA,71,0.9945006156450062
10,AIBA,72,0.9945006156450062
10,AIBA,73,0.9945006156450062
10,AIBA,74,0.9945006156450062
10,AIBA,75,0.9945006156450062
10,AIBA,76,0.9945006156450062
10,AIBA,77,0.9945006156450062
10,AIBA,78,0.9945006156450062
10,AIBA,79,0.9945006156450062
10,AIBA,80,0.9949488420100433
10,AIBA,81,0.9949488420100433
10,AIBA,82,0.9949488420100433
10,AIBA,83,0.9949488420100433
10,AIBA,84,0.9949488420100433
10,AIBA,85,0.9949488420100433
10,AIBA,86,0.9949488420100433
10,AIBA,87,0.9949488420100433
10,AIBA,88,0.9949488420100433
10,AIBA,89,0.9949488420100433
10,AIBA,90,0.9949488420100433
10,AIBA,91,0.9949488420100433
10,AIBA,92,0.9949488420100433
10,AIBA,93,0.9949488420100433
10,AIBA,94,0.9949488420100433
10,AIBA,95,0.9949488420100433
10,AIBA,96,0.9949488420100433
10,AIBA,97,0.9949488420100433
10,AIBA,98,0.9949488420100433
10,AIBA,99,0.9949488420100433
10,AIBA,100,0.9949488420100433
10,AIBA,101,0.9949488420100433
10,AIBA,102,0.9949488420100433
10,AIBA,103,0.9949488420100433
10,AIBA,104,0.9949488420100433
10,AIBA,105,0.9949488420100433
10,AIBA,106,0.9952683289069117
10,AIBA,107,0.9952683289069117
10,AIBA,108,0.9952683289069117
10,AIBA,109,0.9952683289069117
10,AIBA,110,0.9952683289069117
10,AIBA,111,0.9952683289069117
10,AIBA,112,0.9952683289069117
10,AIBA,113,0.9952683289069117
10,AIBA,114,0.9952683289069117
10,AIBA,115,0.9952683289069117
10,AIBA,116,0.9960712057257703
10,AIBA,117,0.9960712057257703
10,AIBA,118,0.9960712057257703
10,AIBA,119,0.9960712057257703
10,AIBA,120,0.9960712057257703
10,Broad,1,-0.619927012119829
10,Broad,2,-0.5129505392668416
10,Broad,3,0.911120887718846
10,Broad,4,0.911120887718846
10,Broad,5,0.9945006156450062
10,Broad,6,0.9945006156450062
10,Broad,7,0.9945006156450062
10,Broad,8,0.9945006156450062
10,Broad,9,0.9945006156450062
10,Broad,10,0.9945006156450062
10,Broad,11,0.9945006156450062
10,Broad,12,0.9945006156450062
10,Broad,13,0.9945006156450062
10,Broad,14,0.9945006156450062
10,Broad,15,0.9945006156450062
10,Broad,16,0.9945006156450062
10,Broad,17,0.9945006156450062
10,Broad,18,0.9945006156450062
10,Broad,19,0.9945006156450062
10,Broad,20,0.9945006156450062
10,Broad,21,0.9945006156450062
10,Broad,22,0.9945006156450062
10,Broad,23,0.9945006156450062
10,Broad,24,0.9945006156450062
10,Broad,25,0.9945006156450062
10,Broad,26,0.9945006156450062
10,Broad,27,0.9945006156450062
10,Broad,28,0.9945006156450062
10,Broad,29,0.9945006156450062
10,Broad,30,0.9945006156450062
10,Broad,31,0.9945006156450062
10,Broad,32,0.9945006156450062
10,Broad,33,0.9945006156450062
10,Broad,34,0.9945006156450062
10,Broad,35,0.9945006156450062
10,Broad,36,0.9945006156450062
10,Broad,37,0.9945006156450062
10,Broad,38,0.9945006156450062
10,Broad,39,0.9945006156450062
10,Broad,40,0.9945006156450062
10,Broad,41,0.9945006156450062
10,Broad,42,0.9945006156450062
10,Broad,43,0.9945006156450062
10,Broad,44,0.9945006156450062
10,Broad,45,0.9945006156450062
10,Broad,46,0.9945006156450062
10,Broad,47,0.9945006156450062
10,Broad,48,0.9945006156450062
10,Broad,49,0.9945006156450062
10,Broad,50,0.9945006156450062
10,Broad,51,0.9945006156450062
10,Broad,52,0.9945006156450062
10,Broad,53,0.9945006156450062
10,Broad,54,0.9945006156450062
10,Broad,55,0.9945006156450062
10,Broad,56,0.9945006156450062
10,Broad,57,0.9945006156450062
10,Broad,58,0.9945006156450062
10,Broad,59,0.9945006156450062
10,Broad,60,0.9945006156450062
10,Broad,61,0.9945006156450062
10,Broad,62,0.9945006156450062
10,Broad,63,0.9945006156450062
10,Broad,64,0.9945006156450062
10,Broad,65,0.9945006156450062
10,Broad,66,0.9945006156450062
10,Broad,67,0.9945006156450062
10,Broad,68,0.9945006156450062
10,Broad,69,0.9945006156450062
10,Broad,70,0.9945006156450062
10,Broad,71,0.9945006156450062
10,Broad,72,0.9945006156450062
10,Broad,73,0.9945006156450062
10,Broad,74,0.9945006156450062
10,Broad,75,0.9945006156450062
10,Broad,76,0.9945006156450062
10,Broad,77,0.9945006156450062
10,Broad,78,0.9945006156450062
10,Broad,79,0.9945006156450062
10,Broad,80,0.9949488420100433
10,Broad,81,0.9949488420100433
10,Broad,82,0.9949488420100433
10,Broad,83,0.9949488420100433
10,Broad,84,0.9949488420100433
10,Broad,85,0.9949488420100433
10,Broad,86,0.9949488420100433
10,Broad,87,0.9949488420100433
10,Broad,88,0.9949488420100433
10,Broad,89,0.9949488420100433
10,Broad,90,0.9949488420100433
10,Broad,91,0.9949488420100433
10,Broad,92,0.9949488420100433
10,Broad,93,0.9949488420100433
10,Broad,94,0.9949488420100433
10,Broad,95,0.9949488420100433
10,Broad,96,0.9949488420100433
10,Broad,97,0.9949488420100433
10,Broad,98,0.9949488420100433
10,Broad,99,0.9949488420100433
10,Broad,100,0.9949488420100433
10,Broad,101,0.9949488420100433
10,Broad,102,0.9962818880318843
10,Broad,103,0.9962818880318843
10,Broad,104,0.9962818880318843
10,Broad,105,0.9962818880318843
10,Broad,106,0.9962818880318843
10,Broad,107,0.9962818880318843
10,Broad,108,0.9962818880318843
10,Broad,109,0.9962818880318843
10,Broad,110,0.9962818880318843
10,Broad,111,0.9962818880318843
10,Broad,112,0.9962818880318843
10,Broad,113,0.9962818880318843
10,Broad,114,0.9962818880318843
10,Broad,115,0.9962818880318843
10,Broad,116,0.9962818880318843
10,Broad,117,0.9962818880318843
10,Broad,118,0.9962818880318843
10,Broad,119,0.9962818880318843
10,Broad,120,0.9962818880318843
